{"Buildings":[{"Type":1,"Point":{"Position":{"x":3.430000066757202,"y":0.0,"z":4.199999809265137},"Rotation":{"x":0.0,"y":38.20000076293945,"z":0.0}}},{"Type":1,"Point":{"Position":{"x":-3.6500000953674318,"y":0.0,"z":0.14000000059604646},"Rotation":{"x":0.0,"y":336.69000244140627,"z":0.0}}}],"Character":{"Position":{"x":0.628000020980835,"y":0.0,"z":-5.013000011444092},"Rotation":{"x":0.0,"y":0.0,"z":0.0}},"Camera":{"Position":{"x":0.0,"y":6.139999866485596,"z":-10.0},"Rotation":{"x":34.999996185302737,"y":0.0,"z":0.0}},"MovementBboundsRadius":10.0}