{"Buildings":[{"Type":0,"Point":{"Position":{"x":-1.25,"y":0.0,"z":3.0199999809265138},"Rotation":{"x":0.0,"y":336.69000244140627,"z":0.0}}}],"Character":{"Position":{"x":0.628000020980835,"y":0.0,"z":-5.013000011444092},"Rotation":{"x":0.0,"y":0.0,"z":0.0}},"Camera":{"Position":{"x":0.0,"y":6.139999866485596,"z":-10.0},"Rotation":{"x":34.999996185302737,"y":0.0,"z":0.0}},"MovementBboundsRadius":10.0}